Barrie, Auvil, 124125215
Elba, Plummer, 125457474
Alina, Bernstein, 775445645
Shin, Breen, 745745745
Dionna, Vanwinkle, 74574578
Shanon, Gunnerson, 44463436
Felipa, Enoch, 667458458
Hilma, Buzzell, 55432311
Wilfred, Mccullar, 923582735
Lanette, Steinke, 82394020
Bula, Gorton, 283842935
Cristopher, Poulson, 2835729
Lyle, Dibiase, 212847120
Susie, Dusek, 09571271
Julianna, Guinyard, 71231239
Melia, Baron, 12886023
Janene, Lynd, 18247663
Rae, Valderrama, 4261923
Brant, Overton, 84123100
Charissa, Babineau, 7571128
